trygder,statsbudsjettet,52192,kirke|390.0,vedtas|306.0,skolene|247.0,of|228.0,inspeksjon|213.0,energidirektorat|163.0,samfunnets|160.0,landegrenser|160.0,sykefravær|160.0,kapur|154.0
trygder,frivillighet,45973,kirke|390.0,sverige|303.0,steinar|302.0,skolene|247.0,energidirektorat|163.0,samfunnets|160.0,landegrenser|160.0,kapur|154.0,ansette|144.0,rettshjelp|142.0
trygder,fylkeskommunenes økonomi,45063,kirke|390.0,vedtas|306.0,skolene|247.0,samfunnets|160.0,landegrenser|160.0,sykefravær|160.0,kapur|154.0,rettshjelp|142.0,ferje|142.0,jordbruksavtalen|125.0
trygder,sivilrett,41178,ellingsen|314.0,sverige|303.0,beregninger|277.0,faste|267.0,livssynssamfunn|265.0,daglig|256.0,uttale|248.0,skolene|247.0,passasjer|243.0,alminnelig|229.0
trygder,industri,41077,vedtas|306.0,sverige|303.0,beregninger|277.0,livssynssamfunn|265.0,skolene|247.0,passasjer|243.0,beholde|213.0,bekjempelse|208.0,tilskuddet|206.0,arbeidsvilkår|181.0
forskning,statsbudsjettet,49875,utvinning|389.0,tilskudd|313.0,kirkedepartementet|292.0,skolene|262.0,tillitsvalgte|213.0,tilrettelagt|179.0,minstefradraget|179.0,styresett|179.0,veiprosjekter|168.0,kapur|168.0
forskning,frivillighet,48156,utvinning|389.0,tas|384.0,tilskudd|313.0,skolene|262.0,tillitsvalgte|213.0,tilrettelagt|179.0,styresett|179.0,veiprosjekter|168.0,kapur|168.0,forebyggende|152.0
forskning,fylkeskommunenes økonomi,43810,utvinning|389.0,tilskudd|313.0,kirkedepartementet|292.0,skolene|262.0,tillitsvalgte|213.0,forbedring|179.0,tilrettelagt|179.0,minstefradraget|179.0,veiprosjekter|168.0,kapur|168.0
forskning,sivilrett,41332,utvinning|389.0,tilskudd|313.0,konsekvensene|270.0,skolene|262.0,utviklingsmidler|261.0,reelt|251.0,folketrygdens|242.0,fremskrittspartiets|235.0,skole|229.0,stille|224.0
forskning,fagskoler,40874,tas|384.0,møter|374.0,vegvesen|347.0,utenriksdepartementets|331.0,forvaltningskomiteen|316.0,tilskudd|313.0,tiden|300.0,kommunenes|296.0,kultur|289.0,inngrep|289.0
familie,statsbudsjettet,59575,innløsning|284.0,spesialundervisning|279.0,grunnlaget|240.0,sammensatte|222.0,fagmiljøene|192.0,næring|177.0,fritt|172.0,delta|142.0,føremålet|141.0,innenlandske|140.0
familie,frivillighet,55236,kontinentalsokkelen|286.0,spesialundervisning|279.0,tonn|267.0,lånet|252.0,styrker|240.0,grunnlaget|240.0,rådgivende|238.0,ettersom|233.0,fremkommer|227.0,fylkeskommunene|223.0
familie,fylkeskommunenes økonomi,53824,innløsning|284.0,spesialundervisning|279.0,grunnlaget|240.0,sammensatte|222.0,fagmiljøene|192.0,næring|177.0,fritt|172.0,delta|142.0,innenlandske|140.0,eksamen|140.0
familie,industri,50786,sammensetning|334.0,kontinentalsokkelen|286.0,tonn|267.0,lånet|252.0,styrker|240.0,grunnlaget|240.0,rådgivende|238.0,begynnelsen|234.0,ettersom|233.0,elektrisitet|228.0
familie,svalbard,50205,ine|291.0,kontinentalsokkelen|286.0,innløsning|284.0,spesialundervisning|279.0,grunnlaget|240.0,sammensatte|222.0,fagmiljøene|192.0,funksjonshemmede|134.0,kaski|127.0,styresett|120.0
funksjonshemmede,statsbudsjettet,46833,godkjente|386.0,skogen|309.0,dekning|298.0,forsvarsdepartementet|287.0,utlendingsdirektoratet|279.0,klinisk|165.0,nan|nan,fordeling|276.0,vid|273.0,dokumentere|268.0
funksjonshemmede,frivillighet,42042,godkjente|386.0,skogen|309.0,olje|215.0,husdyr|201.0,trekke|201.0,navnet|177.0,skular|165.0,klinisk|165.0,grense|160.0,statistikk|140.0
funksjonshemmede,sivilrett,41395,godkjente|386.0,utlendingsdirektoratet|279.0,forvaltningsorgan|255.0,inntektsåret|228.0,politidistrikter|220.0,vesentlige|201.0,husdyr|201.0,streng|189.0,frafall|173.0,fyrste|173.0
funksjonshemmede,fylkeskommunenes økonomi,39439,godkjente|386.0,skogen|309.0,olje|215.0,trekke|201.0,frafall|173.0,rasjonell|173.0,fag|173.0,kapasiteten|173.0,aksjekapital|165.0,sikkerhet|165.0
funksjonshemmede,industri,36926,godkjente|386.0,skogen|309.0,olje|215.0,husdyr|201.0,trekke|201.0,frafall|173.0,rasjonell|173.0,fag|173.0,kapasiteten|173.0,aksjekapital|165.0
sjøfart,statsbudsjettet,45852,former|303.0,helsedirektoratets|292.0,sikkerhetstjeneste|283.0,grunnskolen|268.0,kjennskap|261.0,rettshjelp|203.0,anlegg|195.0,formidle|183.0,kvoter|144.0,voldsoffererstatning|142.0
sjøfart,frivillighet,42581,former|303.0,helsedirektoratets|292.0,grunnskolen|268.0,kjennskap|261.0,kommunane|255.0,lokaler|247.0,midlertidig|240.0,konto|238.0,fri|222.0,stats|222.0
sjøfart,psykisk helse,41389,former|303.0,utvikling|297.0,helsedirektoratets|292.0,sikkerhetstjeneste|283.0,grunnskolen|268.0,kjennskap|261.0,kommunane|255.0,lokaler|247.0,jørgen|243.0,anniken|241.0
sjøfart,fylkeskommunenes økonomi,37627,former|303.0,grunnskolen|268.0,kjennskap|261.0,lokaler|247.0,midlertidig|240.0,konto|238.0,fri|222.0,stats|222.0,felt|219.0,nrk|216.0
sjøfart,kommunenes økonomi,35946,former|303.0,helsedirektoratets|292.0,sikkerhetstjeneste|283.0,grunnskolen|268.0,rettshjelp|203.0,anlegg|195.0,formidle|183.0,voldsoffererstatning|142.0,prinsipp|128.0,kapur|126.0
helsepersonell,statsbudsjettet,46798,lyder|275.0,ytelsen|273.0,færre|271.0,personvern|235.0,idrettens|227.0,menneskets|227.0,investeringer|217.0,systemet|208.0,menneskerettigheter|197.0,konkurransekraft|182.0
helsepersonell,frivillighet,43805,ytelsen|273.0,færre|271.0,personvern|235.0,idrettens|227.0,menneskets|227.0,menneskerettigheter|197.0,oppgraderinger|182.0,oppnevnt|168.0,grense|144.0,tettsteder|131.0
helsepersonell,fylkeskommunenes økonomi,41785,lyder|275.0,færre|271.0,personvern|235.0,idrettens|227.0,politi|226.0,investeringer|217.0,systemet|208.0,menneskerettigheter|197.0,gjedde|191.0,konkurransekraft|182.0
helsepersonell,industri,40738,lyder|275.0,ytelsen|273.0,færre|271.0,personvern|235.0,idrettens|227.0,menneskets|227.0,investeringer|217.0,systemet|208.0,oppgraderinger|182.0,grense|144.0
helsepersonell,sivilrett,40331,lyder|275.0,ytelsen|273.0,færre|271.0,personvern|235.0,idrettens|227.0,menneskets|227.0,menneskerettigheter|197.0,nan|nan,politi|226.0,investeringer|217.0
lønn og inntekt,statsbudsjettet,62277,fjerne|408.0,alternativ|292.0,deling|282.0,omtrent|240.0,foregår|235.0,særskilt|233.0,modulf|230.0,of|225.0,forskning|222.0,selskapsskatten|220.0
lønn og inntekt,frivillighet,58234,fjerne|408.0,alternativ|292.0,deling|282.0,omtrent|240.0,foregår|235.0,særskilt|233.0,of|225.0,forskning|222.0,tonn|219.0,utføre|214.0
lønn og inntekt,fylkeskommunenes økonomi,54544,fjerne|408.0,alternativ|292.0,deling|282.0,omtrent|240.0,foregår|235.0,særskilt|233.0,forskning|222.0,selskapsskatten|220.0,tonn|219.0,utføre|214.0
lønn og inntekt,psykisk helse,52484,fjerne|408.0,alternativ|292.0,deling|282.0,omtrent|240.0,foregår|235.0,særskilt|233.0,of|225.0,forskning|222.0,utføre|214.0,grunnlaget|211.0
lønn og inntekt,industri,51219,fjerne|408.0,alternativ|292.0,deling|282.0,paragraf|248.0,omtrent|240.0,foregår|235.0,særskilt|233.0,of|225.0,forskning|222.0,selskapsskatten|220.0
sosiale tjenester,statsbudsjettet,55987,konflikt|316.0,utvalget|311.0,usa|311.0,eksplisitt|289.0,fremtiden|274.0,innbetalt|260.0,skattytere|255.0,akkreditering|236.0,ti|230.0,konvensjoner|216.0
sosiale tjenester,frivillighet,51765,konflikt|316.0,utvalget|311.0,usa|311.0,fremtiden|274.0,innbetalt|260.0,skattytere|255.0,akkreditering|236.0,partane|233.0,ti|230.0,endre|223.0
sosiale tjenester,fylkeskommunenes økonomi,49609,utvalget|311.0,usa|311.0,distriktene|287.0,fremtiden|274.0,innbetalt|260.0,skattytere|255.0,ti|230.0,konvensjoner|216.0,fordelt|216.0,bane|213.0
sosiale tjenester,industri,46955,konflikt|316.0,utvalget|311.0,usa|311.0,eksplisitt|289.0,ti|230.0,nan|nan,distriktene|287.0,fremtiden|274.0,oppgave|272.0,innbetalt|260.0
sosiale tjenester,sivilrett,46715,konflikt|316.0,utvalget|311.0,fremtiden|274.0,innbetalt|260.0,skattytere|255.0,akkreditering|236.0,tillatelse|235.0,partane|233.0,ti|230.0,konvensjoner|216.0
sykdommer,statsbudsjettet,27695,samlede|182.0,fellesskap|150.0,stat|144.0,forsvarssjefen|143.0,ordninger|143.0,kraftig|138.0,leger|136.0,dekkes|126.0,forvaltningen|114.0,handlinger|113.0
sykdommer,frivillighet,25060,samlede|182.0,fellesskap|150.0,stat|144.0,forsvarssjefen|143.0,ordninger|143.0,kraftig|138.0,leger|136.0,klimagassutslippene|109.0,unnateke|91.0,løsninger|83.0
sykdommer,sivilrett,23688,samlede|182.0,kongen|152.0,fellesskap|150.0,stat|144.0,forsvarssjefen|143.0,ordninger|143.0,kraftig|138.0,hus|111.0,klimagassutslippene|109.0,unnateke|91.0
sykdommer,fylkeskommunenes økonomi,23638,samlede|182.0,fellesskap|150.0,stat|144.0,ordninger|143.0,kraftig|138.0,leger|136.0,klimagassutslippene|109.0,løsninger|83.0,spesialundervisning|81.0,fôrvarer|81.0
sykdommer,industri,23028,samlede|182.0,fellesskap|150.0,stat|144.0,forsvarssjefen|143.0,ordninger|143.0,kraftig|138.0,klimagassutslippene|109.0,unnateke|91.0,løsninger|83.0,forsikringen|81.0
